à¸›à¸£à¸°à¸—à¸±à¸šà¹€à¸§à¸¥à¸²,"How often do you ride a bike in Taipei?
(æ‚¨åœ¨å°åŒ—å¤šå¸¸é¨è…³è¸è»Šï¼Ÿ)","  What is the main reason you ride a bicycle?
(æ‚¨é¨è‡ªè¡Œè»Šçš„ä¸»è¦åŸå› æ˜¯ä»€éº¼ï¼Ÿ )  ","  What kind of bicycle do you usually use?
(æ‚¨é€šå¸¸ä½¿ç”¨ä»€éº¼é¡å‹çš„è‡ªè¡Œè»Šï¼Ÿ)","  What time of day do you usually ride a bicycle?
(æ‚¨é€šå¸¸åœ¨ä¸€å¤©ä¸­çš„ä»€éº¼æ™‚é–“é¨è‡ªè¡Œè»Šï¼Ÿ)","Which places or routes do you often use when riding your bicycle?
(æ‚¨å¸¸å¸¸é¨è‡ªè¡Œè»Šæ™‚æœƒç¶“éå“ªäº›åœ°æ–¹æˆ–è·¯ç·šï¼Ÿ)","Have you ever been involved in a bike accident in Taipei?
(æ‚¨æ›¾ç¶“åœ¨å°åŒ—ç™¼ç”Ÿéè‡ªè¡Œè»Šäº‹æ•…å—ï¼Ÿ)","If yes, how many times has it happened in the past year?
(å¦‚æœæ˜¯çš„è©±ï¼Œåœ¨éå»ä¸€å¹´ä¸­ç™¼ç”Ÿéå¹¾æ¬¡ï¼Ÿ)","If yes, where did the accident happen?
(å¦‚æœæ˜¯ï¼Œäº‹æ•…ç™¼ç”Ÿåœ¨å“ªè£¡ï¼Ÿ)","What was the cause of the accident?
(äº‹æ•…ç™¼ç”Ÿçš„åŸå› æ˜¯ä»€éº¼ï¼Ÿ)","Did you report the accident to the authorities?
(æ‚¨æœ‰å‘æœ‰é—œéƒ¨é–€å ±å‘Šäº‹æ•…å—ï¼Ÿ)","Did you get hurt in the accident?
(æ‚¨åœ¨äº‹æ•…ä¸­å—å‚·äº†å—ï¼Ÿ)","On a scale from 1 to 5, how safe do you feel while cycling in Taipei?
(åœ¨ 1 åˆ° 5 çš„ç¯„åœå…§ï¼Œæ‚¨è¦ºå¾—åœ¨å°åŒ—é¨è‡ªè¡Œè»Šæœ‰å¤šå®‰å…¨ï¼Ÿ)","What are your biggest concerns when cycling in Taipei?
(åœ¨å°åŒ—é¨è‡ªè¡Œè»Šæ™‚ï¼Œæ‚¨æœ€å¤§çš„é¡§æ…®æ˜¯ä»€éº¼ï¼Ÿ)","Which places in Taipei do you think are the most dangerous for people riding bicycles?
(æ‚¨èªç‚ºå°åŒ—å“ªäº›åœ°æ–¹å°é¨è‡ªè¡Œè»Šçš„äººä¾†èªªæœ€å±éšªï¼Ÿ
)","Do you know about any bike-friendly routes or safe paths in Taipei?
(æ‚¨çŸ¥é“å°åŒ—æœ‰å“ªäº›å°è‡ªè¡Œè»Šå‹å–„çš„è·¯ç·šæˆ–å®‰å…¨çš„è·¯å¾‘å—ï¼Ÿ)","What changes do you think would make cycling safer in Taipei?
(æ‚¨èªç‚ºå“ªäº›æ”¹è®Šèƒ½ä½¿åœ¨å°åŒ—é¨è‡ªè¡Œè»Šæ›´å®‰å…¨ï¼Ÿ)","If there were a navigation app that suggests the safest bike routes using accident data, would you use it or not?
(å¦‚æœæœ‰ä¸€å€‹å°èˆªæ‡‰ç”¨ç¨‹å¼ï¼Œå¯ä»¥åˆ©ç”¨äº‹æ•…æ•¸æ“šå»ºè­°æœ€å®‰å…¨çš„è‡ªè¡Œè»Šè·¯ç·šï¼Œæ‚¨æœƒä½¿ç”¨å—ï¼Ÿ)","What features would you like to have in a bike safety navigation app?
(æ‚¨å¸Œæœ›è‡ªè¡Œè»Šå®‰å…¨å°èˆªæ‡‰ç”¨ç¨‹å¼å…·å‚™å“ªäº›åŠŸèƒ½ï¼Ÿ)",Where are you from?(ä½ ä¾†è‡ªå“ªè£¡ï¼Ÿ),What gender are you?( ä½ çš„æ€§åˆ¥),How old are you?(ä½ å¹¾æ­²äº†ï¼Ÿ)
"5/4/2025, 14:35:55",Weekly(æ¯é€±),Commuting(é€šå‹¤),YouBike,Morning rush hour(æ—©é«˜å³°),NTU / NTUT / Nangang,No(æ²’æœ‰),Never(å¾æœªç™¼ç”Ÿ),-,never,No(æ²’æœ‰),No injury(æ²’æœ‰å—å‚·),4,Poor road conditions(é“è·¯ç‹€æ³ä¸ä½³),Nangang,No(ä¸çŸ¥é“),Better road maintenance(æ›´å¥½çš„é“è·¯ç¶­è­·),Yes(æœƒ),Route recommendations(è·¯ç·šå»ºè­°),International(åœ‹éš›),Female(å¥³æ€§),18-24
"5/4/2025, 14:39:02",Monthly(æ¯æœˆ),Commuting(é€šå‹¤),YouBike,Afternoon(ä¸‹åˆ),å¤§å®‰å€,No(æ²’æœ‰),Never(å¾æœªç™¼ç”Ÿ),No,No,No(æ²’æœ‰),No injury(æ²’æœ‰å—å‚·),4,Reckless drivers(é­¯è½çš„é§•é§›),No idea,No(ä¸çŸ¥é“),More traffic signs for cyclists(æ›´å¤šè‡ªè¡Œè»Šé¨å£«äº¤é€šæ¨™èªŒ),Maybe(ä¹Ÿè¨±),Route recommendations(è·¯ç·šå»ºè­°),International(åœ‹éš›),Female(å¥³æ€§),25-34
"5/4/2025, 14:39:46",Daily(æ¯æ—¥),Commuting(é€šå‹¤),YouBike,Random times,Go to work,Maybe(ä¹Ÿè¨±),2-3 times(2-3æ¬¡),Taipei,Pedestrians(è¡Œäºº),No(æ²’æœ‰),No injury(æ²’æœ‰å—å‚·),3,Reckless drivers(é­¯è½çš„é§•é§›),I dont know,Yes(çŸ¥é“),Stricter traffic laws(æ›´åš´æ ¼çš„äº¤é€šæ³•è¦),Yes(æœƒ),Route recommendations(è·¯ç·šå»ºè­°),Taipei(å°åŒ—),Male(ç”·æ€§),25-34
"5/4/2025, 14:41:18",Weekly(æ¯é€±),Commuting(é€šå‹¤),YouBike,Night(å¤œé–“),From my house to school,No(æ²’æœ‰),Never(å¾æœªç™¼ç”Ÿ),No,Bad road conditions(ç³Ÿç³•çš„è·¯æ³),No(æ²’æœ‰),No injury(æ²’æœ‰å—å‚·),5,Not enough bike lanes(è‡ªè¡Œè»Šé“ä¸è¶³),City center,No(ä¸çŸ¥é“),More bike lanes(æ›´å¤šè‡ªè¡Œè»Šé“),Yes(æœƒ),Real-time hazard alerts(å³æ™‚å±éšªè­¦å ±),Taipei(å°åŒ—),Female(å¥³æ€§),18-24
"5/4/2025, 14:42:10",Weekly(æ¯é€±),Commuting(é€šå‹¤),YouBike,Morning rush hour(æ—©é«˜å³°),Train station,No(æ²’æœ‰),Never(å¾æœªç™¼ç”Ÿ),No,æ²’æœ‰,No(æ²’æœ‰),No injury(æ²’æœ‰å—å‚·),5,Not enough bike lanes(è‡ªè¡Œè»Šé“ä¸è¶³),No concern,Yes(çŸ¥é“),Better road maintenance(æ›´å¥½çš„é“è·¯ç¶­è­·),Yes(æœƒ),Route recommendations(è·¯ç·šå»ºè­°),International(åœ‹éš›),Female(å¥³æ€§),25-34
"5/4/2025, 14:43:53",Daily(æ¯æ—¥),Commuting(é€šå‹¤),YouBike,Evening rush hour(æ™šé«˜å³°),"on the way back to mydorm, and around NTUT",Maybe(ä¹Ÿè¨±),1 time(1æ¬¡),around taipei main station,some area doesn't has bike lane so i need to ride on the road,No(æ²’æœ‰),Minor injury(è¼•å‚·),3,Not enough bike lanes(è‡ªè¡Œè»Šé“ä¸è¶³),the area that doesn't has bike lane,No(ä¸çŸ¥é“),More bike lanes(æ›´å¤šè‡ªè¡Œè»Šé“),Yes(æœƒ),Route recommendations(è·¯ç·šå»ºè­°),International(åœ‹éš›),Female(å¥³æ€§),25-34
"5/4/2025, 14:51:33",Rarely(å¾ˆå°‘),å»å±•è¦½,YouBike,Morning rush hour(æ—©é«˜å³°),ä¿¡ç¾©è·¯,No(æ²’æœ‰),Never(å¾æœªç™¼ç”Ÿ),ç„¡,ç„¡,No(æ²’æœ‰),No injury(æ²’æœ‰å—å‚·),1,Not enough bike lanes(è‡ªè¡Œè»Šé“ä¸è¶³),Everywhere,No(ä¸çŸ¥é“),More bike lanes(æ›´å¤šè‡ªè¡Œè»Šé“),Maybe(ä¹Ÿè¨±),Route recommendations(è·¯ç·šå»ºè­°),Other Taiwanese City(å°ç£å…¶ä»–åŸå¸‚),Other(å…¶ä»–),25-34
"5/4/2025, 14:51:53",Rarely(å¾ˆå°‘),For fun(å¨›æ¨‚),YouBike,Afternoon(ä¸‹åˆ),Riversides,No(æ²’æœ‰),Never(å¾æœªç™¼ç”Ÿ),never,Your own mistake(è‡ªå·±çš„éŒ¯èª¤),No(æ²’æœ‰),No injury(æ²’æœ‰å—å‚·),5,Traffic congestion(äº¤é€šæ“æ“ ),when there is no bike lane and we have ride through the main road,Yes(çŸ¥é“),More bike lanes(æ›´å¤šè‡ªè¡Œè»Šé“),Yes(æœƒ),Route recommendations(è·¯ç·šå»ºè­°),International(åœ‹éš›),Female(å¥³æ€§),18-24
"5/4/2025, 14:54:13",Weekly(æ¯é€±),Commuting(é€šå‹¤),YouBike,Afternoon(ä¸‹åˆ),Gongguan-NTUT,No(æ²’æœ‰),Never(å¾æœªç™¼ç”Ÿ),-,-,No(æ²’æœ‰),No injury(æ²’æœ‰å—å‚·),3,Traffic congestion(äº¤é€šæ“æ“ ),"Taipei main station, ximen",Yes(çŸ¥é“),More traffic signs for cyclists(æ›´å¤šè‡ªè¡Œè»Šé¨å£«äº¤é€šæ¨™èªŒ),Maybe(ä¹Ÿè¨±),Real-time hazard alerts(å³æ™‚å±éšªè­¦å ±),International(åœ‹éš›),Female(å¥³æ€§),18-24
"5/4/2025, 14:56:32",Weekly(æ¯é€±),Commuting(é€šå‹¤),YouBike,Afternoon(ä¸‹åˆ),"The bike lanes, the road",Yes(æœ‰),1 time(1æ¬¡),On the roadside,Your own mistake(è‡ªå·±çš„éŒ¯èª¤),No(æ²’æœ‰),Minor injury(è¼•å‚·),4,Not enough bike lanes(è‡ªè¡Œè»Šé“ä¸è¶³),Normally when you meet big main road or more than 2 lanes road,No(ä¸çŸ¥é“),More bike lanes(æ›´å¤šè‡ªè¡Œè»Šé“),Yes(æœƒ),Route recommendations(è·¯ç·šå»ºè­°),International(åœ‹éš›),Male(ç”·æ€§),25-34
"5/4/2025, 14:59:50",Daily(æ¯æ—¥),Commuting(é€šå‹¤),YouBike,Morning rush hour(æ—©é«˜å³°),æµ·å±±ç«™é™„è¿‘,No(æ²’æœ‰),Never(å¾æœªç™¼ç”Ÿ),-,-,No(æ²’æœ‰),No injury(æ²’æœ‰å—å‚·),4,Reckless drivers(é­¯è½çš„é§•é§›),å¤§åŒå€,Yes(çŸ¥é“),More bike lanes(æ›´å¤šè‡ªè¡Œè»Šé“),Maybe(ä¹Ÿè¨±),Route recommendations(è·¯ç·šå»ºè­°),International(åœ‹éš›),Male(ç”·æ€§),25-34
"5/4/2025, 15:11:46",Daily(æ¯æ—¥),Commuting(é€šå‹¤),YouBike,Evening rush hour(æ™šé«˜å³°),æ·é‹ç«™,No(æ²’æœ‰),Never(å¾æœªç™¼ç”Ÿ),ç„¡,ğŸˆšï¸,No(æ²’æœ‰),No injury(æ²’æœ‰å—å‚·),3,Not enough bike lanes(è‡ªè¡Œè»Šé“ä¸è¶³),è¡Œäººè·Ÿè»Šéƒ½å¾ˆå±éšª,No(ä¸çŸ¥é“),More bike lanes(æ›´å¤šè‡ªè¡Œè»Šé“),Yes(æœƒ),Real-time hazard alerts(å³æ™‚å±éšªè­¦å ±),Other Taiwanese City(å°ç£å…¶ä»–åŸå¸‚),Female(å¥³æ€§),18-24
"5/4/2025, 15:16:36",Rarely(å¾ˆå°‘),Commuting(é€šå‹¤),YouBike,Night(å¤œé–“),å¤§é¦¬è·¯ äººè¡Œé“,No(æ²’æœ‰),Never(å¾æœªç™¼ç”Ÿ),ç„¡,ç„¡,No(æ²’æœ‰),No injury(æ²’æœ‰å—å‚·),1,Not enough bike lanes(è‡ªè¡Œè»Šé“ä¸è¶³),æ²’æœ‰è‡ªè¡Œè»Šé“çš„åœ°æ–¹,No(ä¸çŸ¥é“),More bike lanes(æ›´å¤šè‡ªè¡Œè»Šé“),Yes(æœƒ),Route recommendations(è·¯ç·šå»ºè­°),Taipei(å°åŒ—),Female(å¥³æ€§),18-24
"5/4/2025, 15:20:48",Monthly(æ¯æœˆ),Exercise(é‹å‹•),YouBike,Night(å¤œé–“),å¤§ç¨»åŸ•,No(æ²’æœ‰),Never(å¾æœªç™¼ç”Ÿ),-,-,No(æ²’æœ‰),No injury(æ²’æœ‰å—å‚·),5,Poor visibility at night(å¤œé–“èƒ½è¦‹åº¦å·®),road,Yes(çŸ¥é“),More traffic signs for cyclists(æ›´å¤šè‡ªè¡Œè»Šé¨å£«äº¤é€šæ¨™èªŒ),Maybe(ä¹Ÿè¨±),Route recommendations(è·¯ç·šå»ºè­°),International(åœ‹éš›),Female(å¥³æ€§),25-34
"5/4/2025, 15:21:46",Monthly(æ¯æœˆ),For fun(å¨›æ¨‚),YouBike,Afternoon(ä¸‹åˆ),å¿ å­æ–°ç”Ÿåˆ°å¾©èˆˆ,No(æ²’æœ‰),Never(å¾æœªç™¼ç”Ÿ),ğŸˆšï¸,ç„¡,No(æ²’æœ‰),No injury(æ²’æœ‰å—å‚·),2,Not enough bike lanes(è‡ªè¡Œè»Šé“ä¸è¶³),æ¯è™•,No(ä¸çŸ¥é“),Better road maintenance(æ›´å¥½çš„é“è·¯ç¶­è­·),Maybe(ä¹Ÿè¨±),Accident heatmaps(äº‹æ•…ç†±é»åœ–),Taipei(å°åŒ—),Female(å¥³æ€§),18-24
"5/4/2025, 15:30:04",Weekly(æ¯é€±),For fun(å¨›æ¨‚),YouBike,Night(å¤œé–“),å…¬åœ’ï¼Œå…¬è»Šç«™ï¼Œäººè¡Œé“,No(æ²’æœ‰),Never(å¾æœªç™¼ç”Ÿ),æ²’ç™¼ç”Ÿé,æ²’ç™¼ç”Ÿé,No(æ²’æœ‰),No injury(æ²’æœ‰å—å‚·),1,ä»¥ä¸Šçš†æ˜¯ï¼Œå°åŒ—è¦åŠƒè¶…çˆ›,ä½œç‚ºé€šå‹¤ä½¿ç”¨çš„è©±æ²’æœ‰å®‰å…¨çš„åœ°æ–¹ï¼Œæ¯å€‹éƒ½å¾ˆå±éšª,Yes(çŸ¥é“),More bike lanes(æ›´å¤šè‡ªè¡Œè»Šé“),Maybe(ä¹Ÿè¨±),Real-time hazard alerts(å³æ™‚å±éšªè­¦å ±),Other Taiwanese City(å°ç£å…¶ä»–åŸå¸‚),Male(ç”·æ€§),18-24
"5/4/2025, 15:43:44",Monthly(æ¯æœˆ),Commuting(é€šå‹¤),YouBike,Night(å¤œé–“),æ·é‹åˆ°å®¶è£¡,No(æ²’æœ‰),Never(å¾æœªç™¼ç”Ÿ),no,no,No(æ²’æœ‰),No injury(æ²’æœ‰å—å‚·),3,Traffic congestion(äº¤é€šæ“æ“ ),è·Ÿæ±½è»Šé¨åœ¨åŒä¸€å€‹åœ°æ–¹,Yes(çŸ¥é“),More bike lanes(æ›´å¤šè‡ªè¡Œè»Šé“),Maybe(ä¹Ÿè¨±),Alternative paths(æ›¿ä»£è·¯å¾‘),Taipei(å°åŒ—),Female(å¥³æ€§),25-34
"5/4/2025, 16:19:24",Daily(æ¯æ—¥),All of the above ,Your own bicycle(è‡ªå·±çš„è‡ªè¡Œè»Š),Every time I need to go somewhere ,"For exercising, I would go to Tamsui using a bicycle lane along the river ",No(æ²’æœ‰),Never(å¾æœªç™¼ç”Ÿ),No,No accident ,No(æ²’æœ‰),No injury(æ²’æœ‰å—å‚·),5,Reckless drivers(é­¯è½çš„é§•é§›),Where there are no bicycle lane because Taiwanese drive like crazy ,No(ä¸çŸ¥é“),If walking people can get off the bicycle lane,Yes(æœƒ),Route recommendations(è·¯ç·šå»ºè­°),International(åœ‹éš›),Male(ç”·æ€§),25-34
"5/4/2025, 16:35:39",Rarely(å¾ˆå°‘),Exercise(é‹å‹•),YouBike,Afternoon(ä¸‹åˆ),å…¬åœ’,Maybe(ä¹Ÿè¨±),1 time(1æ¬¡),å­¸æ ¡æ“å ´,Your own mistake(è‡ªå·±çš„éŒ¯èª¤),No(æ²’æœ‰),Minor injury(è¼•å‚·),3,Poor road conditions(é“è·¯ç‹€æ³ä¸ä½³),æ¿æ©‹è»Šç«™çš„é¦¬è·¯é‚£å€,No(ä¸çŸ¥é“),More traffic signs for cyclists(æ›´å¤šè‡ªè¡Œè»Šé¨å£«äº¤é€šæ¨™èªŒ),Yes(æœƒ),Accident heatmaps(äº‹æ•…ç†±é»åœ–),Taipei(å°åŒ—),Male(ç”·æ€§),25-34
"5/4/2025, 16:45:26",Monthly(æ¯æœˆ),Commuting(é€šå‹¤),YouBike,Morning rush hour(æ—©é«˜å³°),From home to bus stop or school,Maybe(ä¹Ÿè¨±),1 time(1æ¬¡),on the footpath.,Your own mistake(è‡ªå·±çš„éŒ¯èª¤),No(æ²’æœ‰),No injury(æ²’æœ‰å—å‚·),4,Not enough bike lanes(è‡ªè¡Œè»Šé“ä¸è¶³),Taipei main and ximen ding,Yes(çŸ¥é“),More bike lanes(æ›´å¤šè‡ªè¡Œè»Šé“),Yes(æœƒ),Route recommendations(è·¯ç·šå»ºè­°),International(åœ‹éš›),Female(å¥³æ€§),18-24
"5/4/2025, 16:56:30",Weekly(æ¯é€±),For fun(å¨›æ¨‚),YouBike,Evening rush hour(æ™šé«˜å³°),Daan park,Maybe(ä¹Ÿè¨±),More than 3 times(è¶…é3æ¬¡),Accidentally bump to people on streets,Your own mistake(è‡ªå·±çš„éŒ¯èª¤),No(æ²’æœ‰),No injury(æ²’æœ‰å—å‚·),4,Reckless drivers(é­¯è½çš„é§•é§›),Streets that dont have bike lane and cyclists must share with car,Yes(çŸ¥é“),Stricter traffic laws(æ›´åš´æ ¼çš„äº¤é€šæ³•è¦),Maybe(ä¹Ÿè¨±),Alternative paths(æ›¿ä»£è·¯å¾‘),International(åœ‹éš›),Female(å¥³æ€§),18-24
"5/4/2025, 18:34:30",Weekly(æ¯é€±),Commuting(é€šå‹¤),YouBike,Night(å¤œé–“),é€šå¸¸æ˜¯æ·é‹ç«™åˆ°å®¶,No(æ²’æœ‰),Never(å¾æœªç™¼ç”Ÿ),ç„¡,ç„¡,No(æ²’æœ‰),No injury(æ²’æœ‰å—å‚·),3,Traffic congestion(äº¤é€šæ“æ“ ),ä¸­æ­£å€ ä¿¡ç¾©å€,No(ä¸çŸ¥é“),More bike lanes(æ›´å¤šè‡ªè¡Œè»Šé“),Yes(æœƒ),Route recommendations(è·¯ç·šå»ºè­°),Other Taiwanese City(å°ç£å…¶ä»–åŸå¸‚),Male(ç”·æ€§),18-24
"5/4/2025, 18:43:29",Rarely(å¾ˆå°‘),Commuting(é€šå‹¤),YouBike,Night(å¤œé–“),è‡ºåŒ—ç«è»Šç«™,No(æ²’æœ‰),2-3 times(2-3æ¬¡),å‰å­—å…¥å£,Bad road conditions(ç³Ÿç³•çš„è·¯æ³),No(æ²’æœ‰),No injury(æ²’æœ‰å—å‚·),2,Traffic congestion(äº¤é€šæ“æ“ ),å…¬è»Šç«™,No(ä¸çŸ¥é“),More traffic signs for cyclists(æ›´å¤šè‡ªè¡Œè»Šé¨å£«äº¤é€šæ¨™èªŒ),Maybe(ä¹Ÿè¨±),Route recommendations(è·¯ç·šå»ºè­°),Other Taiwanese City(å°ç£å…¶ä»–åŸå¸‚),Male(ç”·æ€§),25-34
"5/4/2025, 19:20:19",Rarely(å¾ˆå°‘),For fun(å¨›æ¨‚),YouBike,Afternoon(ä¸‹åˆ),æ²³æ¿±å…¬åœ’,No(æ²’æœ‰),Never(å¾æœªç™¼ç”Ÿ),ç„¡,ç„¡,No(æ²’æœ‰),No injury(æ²’æœ‰å—å‚·),3,Not enough bike lanes(è‡ªè¡Œè»Šé“ä¸è¶³),åªæœ‰äººè¡Œé“çš„åœ°æ–¹,Yes(çŸ¥é“),Better road maintenance(æ›´å¥½çš„é“è·¯ç¶­è­·),Yes(æœƒ),Real-time hazard alerts(å³æ™‚å±éšªè­¦å ±),Other Taiwanese City(å°ç£å…¶ä»–åŸå¸‚),Female(å¥³æ€§),18-24
"5/4/2025, 20:06:22",Daily(æ¯æ—¥),Commuting(é€šå‹¤),Your own bicycle(è‡ªå·±çš„è‡ªè¡Œè»Š),Afternoon(ä¸‹åˆ),Zhongxiao Rd.,No(æ²’æœ‰),Never(å¾æœªç™¼ç”Ÿ),-,Other vehicles(å…¶ä»–è»Šè¼›),No(æ²’æœ‰),No injury(æ²’æœ‰å—å‚·),3,Reckless drivers(é­¯è½çš„é§•é§›),Everywhere ,No(ä¸çŸ¥é“),Stricter traffic laws(æ›´åš´æ ¼çš„äº¤é€šæ³•è¦),Yes(æœƒ),Route recommendations(è·¯ç·šå»ºè­°),International(åœ‹éš›),Female(å¥³æ€§),18-24
"5/4/2025, 21:11:22",Daily(æ¯æ—¥),Commuting(é€šå‹¤),YouBike,Afternoon(ä¸‹åˆ),Mrt to my dorm,No(æ²’æœ‰),Never(å¾æœªç™¼ç”Ÿ),No,Your own mistake(è‡ªå·±çš„éŒ¯èª¤),No(æ²’æœ‰),No injury(æ²’æœ‰å—å‚·),5,Traffic congestion(äº¤é€šæ“æ“ ),Road,Yes(çŸ¥é“),More traffic signs for cyclists(æ›´å¤šè‡ªè¡Œè»Šé¨å£«äº¤é€šæ¨™èªŒ),Yes(æœƒ),Route recommendations(è·¯ç·šå»ºè­°),International(åœ‹éš›),Male(ç”·æ€§),"18-24, 25-34"
"5/4/2025, 21:17:27",Monthly(æ¯æœˆ),For fun(å¨›æ¨‚),YouBike,Afternoon(ä¸‹åˆ),Tourist spot,No(æ²’æœ‰),Never(å¾æœªç™¼ç”Ÿ),-,-,No(æ²’æœ‰),No injury(æ²’æœ‰å—å‚·),4,Reckless drivers(é­¯è½çš„é§•é§›),In the cities where a lot people walking on the side walk,No(ä¸çŸ¥é“),More traffic signs for cyclists(æ›´å¤šè‡ªè¡Œè»Šé¨å£«äº¤é€šæ¨™èªŒ),Yes(æœƒ),Route recommendations(è·¯ç·šå»ºè­°),International(åœ‹éš›),Female(å¥³æ€§),18-24
"5/4/2025, 22:43:53",Daily(æ¯æ—¥),Commuting(é€šå‹¤),YouBike,Afternoon and night,To Wanhua area and to Zhongxia Xinsheng area,No(æ²’æœ‰),Never(å¾æœªç™¼ç”Ÿ),None,None,No(æ²’æœ‰),No injury(æ²’æœ‰å—å‚·),4,Not enough bike lanes(è‡ªè¡Œè»Šé“ä¸è¶³),On the road,Yes(çŸ¥é“),Better road maintenance(æ›´å¥½çš„é“è·¯ç¶­è­·),Maybe(ä¹Ÿè¨±),Route recommendations(è·¯ç·šå»ºè­°),International(åœ‹éš›),Male(ç”·æ€§),25-34
"5/4/2025, 23:47:25",Rarely(å¾ˆå°‘),Commuting(é€šå‹¤),YouBike,Night(å¤œé–“),æ·é‹ç«™åˆ°å®¶è£¡ï¼ˆå…¬è»Šè·¯ç·šï¼‰,No(æ²’æœ‰),Never(å¾æœªç™¼ç”Ÿ),ç„¡,0,No(æ²’æœ‰),No injury(æ²’æœ‰å—å‚·),2,Reckless drivers(é­¯è½çš„é§•é§›),å¤§å‹è»Šç¶“éæ™‚,No(ä¸çŸ¥é“),Stricter traffic laws(æ›´åš´æ ¼çš„äº¤é€šæ³•è¦),No(ä¸æœƒ),Alternative paths(æ›¿ä»£è·¯å¾‘),Taipei(å°åŒ—),Male(ç”·æ€§),25-34
"6/4/2025, 15:10:41",Rarely(å¾ˆå°‘),Exercise(é‹å‹•),Your own bicycle(è‡ªå·±çš„è‡ªè¡Œè»Š),Afternoon(ä¸‹åˆ),æ°¸å’Œè‡³ç’°æ²³ä¾¿é“,No(æ²’æœ‰),1 time(1æ¬¡),æ°¸å’Œ,Other vehicles(å…¶ä»–è»Šè¼›),No(æ²’æœ‰),Minor injury(è¼•å‚·),2,Not enough bike lanes(è‡ªè¡Œè»Šé“ä¸è¶³),èˆ‡æ©Ÿè»Šï¼Œæ±½è»Šå…±ç”¨è»Šé“,No(ä¸çŸ¥é“),More bike lanes(æ›´å¤šè‡ªè¡Œè»Šé“),Yes(æœƒ),Accident heatmaps(äº‹æ•…ç†±é»åœ–),Taipei(å°åŒ—),Female(å¥³æ€§),45-54
"6/4/2025, 15:53:13",Rarely(å¾ˆå°‘),Commuting(é€šå‹¤),YouBike,Afternoon(ä¸‹åˆ),ä¿¡ç¾©å€,No(æ²’æœ‰),Never(å¾æœªç™¼ç”Ÿ),æ²’æœ‰,æ²’æœ‰,No(æ²’æœ‰),No injury(æ²’æœ‰å—å‚·),5,Not enough bike lanes(è‡ªè¡Œè»Šé“ä¸è¶³),æ²’æœ‰è‡ªè¡Œè»Šé“çš„åœ°æ–¹,No(ä¸çŸ¥é“),More bike lanes(æ›´å¤šè‡ªè¡Œè»Šé“),Yes(æœƒ),Route recommendations(è·¯ç·šå»ºè­°),Other Taiwanese City(å°ç£å…¶ä»–åŸå¸‚),Male(ç”·æ€§),35-44
"7/4/2025, 12:05:24",Rarely(å¾ˆå°‘),Commuting(é€šå‹¤),YouBike,Depends on need,To work or church,No(æ²’æœ‰),Never(å¾æœªç™¼ç”Ÿ),N/A,N/A,No(æ²’æœ‰),No injury(æ²’æœ‰å—å‚·),4,Poor visibility at night(å¤œé–“èƒ½è¦‹åº¦å·®),Don't know because so far I feel like Taipei is pretty safe to ride a bike,No(ä¸çŸ¥é“),Better road maintenance(æ›´å¥½çš„é“è·¯ç¶­è­·),Maybe(ä¹Ÿè¨±),Route recommendations(è·¯ç·šå»ºè­°),International(åœ‹éš›),Female(å¥³æ€§),25-34
"7/4/2025, 16:15:12",Daily(æ¯æ—¥),Commuting(é€šå‹¤),Your own bicycle(è‡ªå·±çš„è‡ªè¡Œè»Š),Night(å¤œé–“),Zhongxiao road,Yes(æœ‰),1 time(1æ¬¡),Bade road,Bad road conditions(ç³Ÿç³•çš„è·¯æ³),No(æ²’æœ‰),Minor injury(è¼•å‚·),4,Reckless drivers(é­¯è½çš„é§•é§›),The place where there is no bike lane.,Yes(çŸ¥é“),More bike lanes(æ›´å¤šè‡ªè¡Œè»Šé“),No(ä¸æœƒ),Route recommendations(è·¯ç·šå»ºè­°),International(åœ‹éš›),Male(ç”·æ€§),25-34
"7/4/2025, 17:15:00",Weekly(æ¯é€±),Exercise(é‹å‹•),YouBike,Morning rush hour(æ—©é«˜å³°),University,No(æ²’æœ‰),Never(å¾æœªç™¼ç”Ÿ),-,-,No(æ²’æœ‰),No injury(æ²’æœ‰å—å‚·),4,Reckless drivers(é­¯è½çš„é§•é§›),Center of city,Yes(çŸ¥é“),More bike lanes(æ›´å¤šè‡ªè¡Œè»Šé“),Maybe(ä¹Ÿè¨±),Route recommendations(è·¯ç·šå»ºè­°),International(åœ‹éš›),Female(å¥³æ€§),25-34
"8/4/2025, 12:13:13",Daily(æ¯æ—¥),Commuting(é€šå‹¤),YouBike,Morning rush hour(æ—©é«˜å³°),Along the MRT lines,No(æ²’æœ‰),Never(å¾æœªç™¼ç”Ÿ),-,-,No(æ²’æœ‰),No injury(æ²’æœ‰å—å‚·),4,Pedestrians on bike lanes,Where there is no bike lane ,Yes(çŸ¥é“),More bike lanes(æ›´å¤šè‡ªè¡Œè»Šé“),Maybe(ä¹Ÿè¨±),Route recommendations(è·¯ç·šå»ºè­°),International(åœ‹éš›),Female(å¥³æ€§),18-24
"8/4/2025, 12:23:06",Weekly(æ¯é€±),For fun(å¨›æ¨‚),YouBike,Night(å¤œé–“),Close to home,No(æ²’æœ‰),Never(å¾æœªç™¼ç”Ÿ),/,None,No(æ²’æœ‰),No injury(æ²’æœ‰å—å‚·),2,Reckless drivers(é­¯è½çš„é§•é§›),Roads with a lot of scooters,Yes(çŸ¥é“),More bike lanes(æ›´å¤šè‡ªè¡Œè»Šé“),Yes(æœƒ),Route recommendations(è·¯ç·šå»ºè­°),International(åœ‹éš›),Male(ç”·æ€§),25-34
"9/4/2025, 16:49:27",Never(å¾ä¸),Exercise(é‹å‹•),rental,Evening rush hour(æ™šé«˜å³°),Riverside,No(æ²’æœ‰),Never(å¾æœªç™¼ç”Ÿ),None,None,No(æ²’æœ‰),No injury(æ²’æœ‰å—å‚·),2,Not enough bike lanes(è‡ªè¡Œè»Šé“ä¸è¶³),No helmet,Yes(çŸ¥é“),Stricter traffic laws(æ›´åš´æ ¼çš„äº¤é€šæ³•è¦),Yes(æœƒ),Route recommendations(è·¯ç·šå»ºè­°),Taipei(å°åŒ—),Female(å¥³æ€§),35-44
"12/4/2025, 16:26:14",Monthly(æ¯æœˆ),Commuting(é€šå‹¤),YouBike,Afternoon(ä¸‹åˆ),å…¬åœ’/å ¤é˜²,No(æ²’æœ‰),Never(å¾æœªç™¼ç”Ÿ),æ²’ç™¼ç”Ÿ,æ²’ç™¼ç”Ÿ,No(æ²’æœ‰),No injury(æ²’æœ‰å—å‚·),4,Reckless drivers(é­¯è½çš„é§•é§›),åå­—è·¯å£,No(ä¸çŸ¥é“),More bike lanes(æ›´å¤šè‡ªè¡Œè»Šé“),Yes(æœƒ),Accident heatmaps(äº‹æ•…ç†±é»åœ–),Taipei(å°åŒ—),Male(ç”·æ€§),35-44